Date,Adj_Close,Close,High,Low,Open,Volume
1/4/16,24.40,26.34,26.34,25.50,25.65,270597600.00
1/5/16,23.79,25.68,26.46,25.60,26.44,223164000.00
1/6/16,23.32,25.17,25.59,24.97,25.14,273829600.00
1/7/16,22.34,24.11,25.03,24.11,24.67,324377600.00
1/8/16,22.46,24.24,24.78,24.19,24.64,283192000.00
1/11/16,22.82,24.63,24.76,24.33,24.74,198957600.00
1/12/16,23.15,24.99,25.17,24.71,25.14,196616800.00
1/13/16,22.56,24.35,25.30,24.33,25.08,249758400.00
1/14/16,23.05,24.88,25.12,23.93,24.49,252680400.00
1/15/16,22.50,24.28,24.43,23.84,24.05,319335600.00
1/19/16,22.39,24.17,24.66,23.88,24.60,212350800.00
1/20/16,22.42,24.20,24.55,23.35,23.77,289337600.00
1/21/16,22.30,24.08,24.47,23.74,24.26,208646000.00
1/22/16,23.49,25.35,25.36,24.59,24.66,263202000.00
1/25/16,23.03,24.86,25.38,24.80,25.38,207178000.00
1/26/16,23.16,25.00,25.22,24.52,24.98,300308000.00
1/27/16,21.64,23.35,24.16,23.33,24.01,533478800.00
1/28/16,21.79,23.52,23.63,23.10,23.45,222715200.00
1/29/16,22.55,24.33,24.33,23.59,23.70,257666000.00
2/1/16,22.33,24.11,24.18,23.85,24.12,163774000.00
2/2/16,21.88,23.62,24.01,23.57,23.85,149428800.00
2/3/16,22.32,24.09,24.21,23.52,23.75,183857200.00
2/4/16,22.50,24.15,24.33,23.80,23.97,185886800.00
2/5/16,21.89,23.50,24.23,23.42,24.13,185672400.00
2/8/16,22.13,23.75,23.92,23.26,23.28,216085600.00
2/9/16,22.12,23.75,23.99,23.48,23.57,177324800.00
2/10/16,21.95,23.57,24.09,23.52,23.98,169374400.00
2/11/16,21.82,23.42,23.68,23.15,23.45,200298800.00
2/12/16,21.89,23.50,23.63,23.25,23.55,161405600.00
2/16/16,22.51,24.16,24.21,23.65,23.75,196231600.00
2/17/16,22.85,24.53,24.55,24.04,24.17,179452800.00
2/18/16,22.42,24.07,24.72,24.02,24.71,156084000.00
2/19/16,22.37,24.01,24.19,23.95,24.00,141496800.00
2/22/16,22.56,24.22,24.23,23.98,24.08,137123200.00
2/23/16,22.05,23.67,24.13,23.64,24.10,127770400.00
2/24/16,22.38,24.02,24.09,23.33,23.50,145022800.00
2/25/16,22.53,24.19,24.19,23.81,24.01,110330800.00
2/26/16,22.57,24.23,24.50,24.15,24.30,115964400.00
2/29/16,22.52,24.17,24.56,24.16,24.22,140865200.00
3/1/16,23.41,25.13,25.19,24.35,24.41,201628400.00
3/2/16,23.46,25.19,25.22,24.91,25.13,132678400.00
3/3/16,23.64,25.38,25.43,25.11,25.15,147822800.00
3/4/16,23.99,25.75,25.94,25.34,25.59,184220400.00
3/7/16,23.72,25.47,25.71,25.24,25.60,143315600.00
3/8/16,23.53,25.26,25.44,25.10,25.19,126247600.00
3/9/16,23.55,25.28,25.40,25.07,25.33,108806800.00
3/10/16,23.56,25.29,25.56,25.04,25.35,134054400.00
3/11/16,23.81,25.57,25.57,25.38,25.56,109632800.00
3/14/16,23.87,25.63,25.73,25.44,25.48,100304400.00
3/15/16,24.35,26.15,26.30,25.96,25.99,160270800.00
3/16/16,24.68,26.49,26.58,26.15,26.15,153214000.00
3/17/16,24.64,26.45,26.62,26.24,26.38,137682800.00
3/18/16,24.67,26.48,26.63,26.30,26.58,176820800.00
3/21/16,24.66,26.48,26.91,26.28,26.48,142010800.00
3/22/16,24.85,26.68,26.82,26.30,26.31,129777600.00
3/23/16,24.71,26.53,26.77,26.48,26.62,102814000.00
3/24/16,24.61,26.42,26.56,26.22,26.37,104532000.00
3/28/16,24.50,26.30,26.55,26.26,26.50,77645600.00
3/29/16,25.08,26.92,26.95,26.22,26.22,124760400.00
3/30/16,25.51,27.39,27.60,27.15,27.16,182404400.00
3/31/16,25.38,27.25,27.48,27.22,27.43,103553600.00
4/1/16,25.61,27.50,27.50,27.05,27.19,103496000.00
4/4/16,25.88,27.78,28.05,27.57,27.60,149424800.00
4/5/16,25.57,27.45,27.68,27.35,27.38,106314800.00
4/6/16,25.84,27.74,27.75,27.30,27.56,105616400.00
4/7/16,25.28,27.14,27.60,27.03,27.49,127207600.00
4/8/16,25.30,27.17,27.44,27.04,27.23,94326800.00
4/11/16,25.39,27.25,27.65,27.21,27.24,117630000.00
4/12/16,25.72,27.61,27.63,27.17,27.33,108929200.00
4/13/16,26.09,28.01,28.08,27.70,27.70,133029200.00
4/14/16,26.11,28.02,28.10,27.83,27.91,101895600.00
4/15/16,25.58,27.46,28.08,27.43,28.03,187756000.00
4/18/16,25.03,26.87,27.24,26.74,27.22,243286000.00
4/19/16,24.90,26.73,27.00,26.56,26.97,129539600.00
4/20/16,24.95,26.78,27.02,26.51,26.66,122444000.00
4/21/16,24.68,26.49,26.73,26.38,26.73,126210000.00
4/22/16,24.61,26.42,26.62,26.16,26.25,134732400.00
4/25/16,24.47,26.27,26.41,26.13,26.25,112126400.00
4/26/16,24.30,26.09,26.33,25.98,25.98,224064800.00
4/27/16,22.78,24.45,24.68,23.92,24.00,458408400.00
4/28/16,22.08,23.71,24.47,23.56,24.40,328970800.00
4/29/16,21.83,23.43,23.68,23.13,23.50,274126000.00
5/2/16,21.81,23.41,23.52,23.10,23.49,192640400.00
5/3/16,22.17,23.80,23.93,23.42,23.55,227325200.00
5/4/16,21.93,23.55,23.98,23.45,23.80,164102000.00
5/5/16,21.85,23.31,23.52,23.17,23.50,143562000.00
5/6/16,21.72,23.18,23.36,22.96,23.34,174799600.00
5/9/16,21.74,23.20,23.44,23.15,23.25,131745600.00
5/10/16,21.89,23.35,23.39,23.03,23.33,134747200.00
5/11/16,21.67,23.13,23.39,23.11,23.37,114876400.00
5/12/16,21.17,22.58,23.19,22.37,23.18,305258800.00
5/13/16,21.21,22.63,22.92,22.50,22.50,177571200.00
5/16/16,22.00,23.47,23.60,22.91,23.10,245039200.00
5/17/16,21.90,23.37,23.67,23.25,23.64,187667600.00
5/18/16,22.15,23.64,23.80,23.47,23.54,168249600.00
5/19/16,22.07,23.55,23.66,23.39,23.66,121768400.00
5/20/16,22.31,23.81,23.86,23.63,23.66,128104000.00
5/23/16,22.59,24.11,24.30,23.92,23.97,152074400.00
5/24/16,22.94,24.48,24.52,24.21,24.31,140560800.00
5/25/16,23.34,24.91,24.93,24.53,24.67,152675200.00
5/26/16,23.53,25.10,25.18,24.66,24.92,225324800.00
5/27/16,23.51,25.09,25.12,24.81,24.86,145364800.00
5/31/16,23.40,24.97,25.10,24.70,24.90,169228800.00
6/1/16,23.07,24.61,24.89,24.58,24.75,116693200.00
6/2/16,22.90,24.43,24.46,24.16,24.40,160766400.00
6/3/16,22.94,24.48,24.57,24.36,24.45,114019600.00
6/6/16,23.11,24.66,25.47,24.39,24.50,93170000.00
6/7/16,23.20,24.76,24.97,24.74,24.81,89638000.00
6/8/16,23.18,24.74,24.89,24.67,24.75,83392400.00
6/9/16,23.35,24.91,25.00,24.61,24.63,106405600.00
6/10/16,23.16,24.71,24.84,24.62,24.63,126851600.00
6/13/16,22.81,24.33,24.78,24.27,24.67,152082000.00
6/14/16,22.83,24.36,24.62,24.19,24.33,127727600.00
6/15/16,22.76,24.28,24.60,24.26,24.45,117780800.00
6/16/16,22.86,24.39,24.44,24.02,24.11,125307200.00
6/17/16,22.34,23.83,24.16,23.83,24.16,244032800.00
6/20/16,22.28,23.77,24.14,23.76,24.00,137647600.00
6/21/16,22.47,23.98,24.09,23.67,23.74,142185600.00
6/22/16,22.39,23.89,24.22,23.84,24.06,116876400.00
6/23/16,22.52,24.02,24.07,23.81,23.99,128960800.00
6/24/16,21.88,23.35,23.67,23.16,23.23,301245600.00
6/27/16,21.56,23.01,23.26,22.88,23.25,181958400.00
6/28/16,21.93,23.40,23.42,23.03,23.23,161779600.00
6/29/16,22.12,23.60,23.64,23.41,23.49,146124000.00
6/30/16,22.40,23.90,23.94,23.58,23.61,143345600.00
7/1/16,22.47,23.97,24.12,23.83,23.87,104106000.00
7/5/16,22.26,23.75,23.85,23.61,23.85,110820800.00
7/6/16,22.38,23.88,23.92,23.59,23.65,123796400.00
7/7/16,22.48,23.99,24.13,23.91,23.92,100558400.00
7/8/16,22.65,24.17,24.22,24.01,24.12,115648400.00
7/11/16,22.72,24.25,24.41,24.18,24.19,95179600.00
7/12/16,22.82,24.35,24.42,24.28,24.29,96670000.00
7/13/16,22.70,24.22,24.42,24.21,24.35,103568800.00
7/14/16,23.15,24.70,24.75,24.33,24.35,155676000.00
7/15/16,23.14,24.69,24.83,24.63,24.73,120548000.00
7/18/16,23.39,24.96,25.03,24.65,24.67,145975600.00
7/19/16,23.40,24.97,25.00,24.83,24.89,95119600.00
7/20/16,23.42,24.99,25.11,24.93,25.00,105104000.00
7/21/16,23.30,24.86,25.25,24.78,24.96,130808000.00
7/22/16,23.12,24.67,24.83,24.58,24.82,113254800.00
7/25/16,22.81,24.33,24.71,24.23,24.56,161531600.00
7/26/16,22.65,24.17,24.49,24.10,24.20,224959200.00
7/27/16,24.12,25.74,26.09,25.69,26.07,369379200.00
7/28/16,24.45,26.08,26.11,25.70,25.71,159479200.00
7/29/16,24.42,26.05,26.14,25.92,26.05,110934800.00
8/1/16,24.85,26.51,26.54,26.10,26.10,152671600.00
8/2/16,24.48,26.12,26.52,26.00,26.51,135266400.00
8/3/16,24.79,26.45,26.46,26.19,26.20,120810400.00
8/4/16,24.94,26.47,26.50,26.32,26.40,109634800.00
8/5/16,25.32,26.87,26.91,26.55,26.57,162213600.00
8/8/16,25.53,27.09,27.09,26.79,26.88,112148800.00
8/9/16,25.63,27.20,27.24,27.00,27.06,105260800.00
8/10/16,25.44,27.00,27.23,26.94,27.18,96034000.00
8/11/16,25.42,26.98,27.23,26.96,27.13,109938000.00
8/12/16,25.48,27.05,27.11,26.94,26.94,74641600.00
8/15/16,25.79,27.37,27.39,27.02,27.03,103472800.00
8/16/16,25.77,27.34,27.56,27.30,27.41,135177600.00
8/17/16,25.73,27.31,27.34,27.08,27.27,101424000.00
8/18/16,25.70,27.27,27.40,27.25,27.31,87938800.00
8/19/16,25.76,27.34,27.42,27.09,27.19,101472400.00
8/22/16,25.56,27.13,27.27,26.96,27.22,103280800.00
8/23/16,25.64,27.21,27.33,27.13,27.15,85030800.00
8/24/16,25.45,27.01,27.19,26.92,27.14,94700400.00
8/25/16,25.34,26.89,26.97,26.67,26.85,100344800.00
8/26/16,25.19,26.74,26.99,26.58,26.85,111065200.00
8/29/16,25.16,26.70,26.86,26.57,26.66,99881200.00
8/30/16,24.97,26.50,26.63,26.38,26.45,99455600.00
8/31/16,24.99,26.52,26.64,26.41,26.42,118649600.00
9/1/16,25.14,26.68,26.70,26.41,26.53,106806000.00
9/2/16,25.38,26.93,27.00,26.70,26.92,107210000.00
9/6/16,25.37,26.92,27.08,26.88,26.98,107521600.00
9/7/16,25.53,27.09,27.19,26.77,26.96,169457200.00
9/8/16,24.86,26.38,26.82,26.31,26.81,212008000.00
9/9/16,24.29,25.78,26.43,25.78,26.16,186228000.00
9/12/16,24.84,26.36,26.43,25.63,25.66,181171200.00
9/13/16,25.43,26.99,27.20,26.81,26.88,248704800.00
9/14/16,26.33,27.94,28.26,27.15,27.18,443554800.00
9/15/16,27.22,28.89,28.93,28.37,28.47,359934400.00
9/16/16,27.07,28.73,29.03,28.51,28.78,319547600.00
9/19/16,26.76,28.40,29.05,28.31,28.80,188092000.00
9/20/16,26.75,28.39,28.53,28.13,28.26,138057200.00
9/21/16,26.75,28.39,28.50,28.11,28.46,144012800.00
9/22/16,27.00,28.66,28.74,28.50,28.59,124296000.00
9/23/16,26.55,28.18,28.70,27.89,28.60,209924800.00
9/26/16,26.59,28.22,28.35,27.89,27.91,119477600.00
9/27/16,26.64,28.27,28.30,28.08,28.25,98429600.00
9/28/16,26.84,28.49,28.66,28.36,28.42,118564400.00
9/29/16,26.43,28.05,28.45,27.95,28.29,143548000.00
9/30/16,26.63,28.26,28.34,27.95,28.11,145516400.00
10/3/16,26.51,28.13,28.26,28.07,28.18,86807200.00
10/4/16,26.62,28.25,28.58,28.16,28.26,118947200.00
10/5/16,26.63,28.26,28.42,28.17,28.35,85812400.00
10/6/16,26.83,28.47,28.58,28.28,28.42,115117200.00
10/7/16,26.87,28.51,28.64,28.38,28.58,97433600.00
10/10/16,27.34,29.01,29.19,28.68,28.75,144944000.00
10/11/16,27.40,29.08,29.67,29.05,29.42,256164000.00
10/12/16,27.64,29.33,29.50,29.19,29.34,150347200.00
10/13/16,27.56,29.25,29.36,28.93,29.20,140769600.00
10/14/16,27.71,29.41,29.54,29.28,29.47,142608800.00
10/17/16,27.69,29.39,29.46,29.19,29.33,94499600.00
10/18/16,27.67,29.37,29.55,29.36,29.55,98214000.00
10/19/16,27.59,29.28,29.44,28.45,29.31,80138400.00
10/20/16,27.57,29.26,29.34,29.08,29.22,96503200.00
10/21/16,27.47,29.15,29.23,29.07,29.20,92770800.00
10/24/16,27.71,29.41,29.43,29.25,29.27,94154800.00
10/25/16,27.86,29.56,29.59,29.33,29.49,192516000.00
10/26/16,27.23,28.90,28.92,28.33,28.58,264536800.00
10/27/16,26.97,28.62,28.97,28.52,28.85,138248000.00
10/28/16,26.79,28.43,28.80,28.36,28.47,151446800.00
10/31/16,26.75,28.39,28.56,28.30,28.41,105677600.00
11/1/16,26.26,27.87,28.44,27.63,28.36,175303200.00
11/2/16,26.29,27.90,28.09,27.81,27.85,113326800.00
11/3/16,26.00,27.46,27.86,27.39,27.75,107730400.00
11/4/16,25.77,27.21,27.56,27.03,27.13,123348000.00
11/7/16,26.14,27.60,27.63,27.36,27.52,130240000.00
11/8/16,26.30,27.76,27.93,27.42,27.58,97016800.00
11/9/16,26.25,27.72,27.83,27.01,27.47,236705600.00
11/10/16,25.52,26.95,27.77,26.46,27.77,228538000.00
11/11/16,25.67,27.11,27.22,26.64,26.78,136575600.00
11/14/16,25.03,26.43,26.95,26.02,26.93,204702000.00
11/15/16,25.36,26.78,26.92,26.54,26.64,129058000.00
11/16/16,26.04,27.50,27.56,26.65,26.67,235362000.00
11/17/16,26.03,27.49,27.59,27.21,27.45,110528000.00
11/18/16,26.06,27.51,27.64,27.42,27.43,113715600.00
11/21/16,26.45,27.93,28.00,27.50,27.53,117058400.00
11/22/16,26.47,27.95,28.10,27.85,27.99,103862000.00
11/23/16,26.34,27.81,27.88,27.58,27.84,109705600.00
11/25/16,26.47,27.95,27.97,27.74,27.78,45903600.00
11/28/16,26.42,27.89,28.12,27.85,27.86,108776000.00
11/29/16,26.39,27.86,28.01,27.52,27.69,114115200.00
11/30/16,26.17,27.63,28.05,27.57,27.90,144649200.00
12/1/16,25.92,27.37,27.74,27.26,27.59,148347600.00
12/2/16,26.02,27.48,27.52,27.21,27.29,106112000.00
12/5/16,25.83,27.28,27.51,27.06,27.50,137298000.00
12/6/16,26.03,27.49,27.59,27.30,27.38,104782000.00
12/7/16,26.29,27.76,27.80,27.29,27.32,119994800.00
12/8/16,26.55,28.03,28.11,27.65,27.72,108273200.00
12/9/16,26.98,28.49,28.67,28.08,28.08,137610400.00
12/12/16,26.83,28.33,28.75,28.12,28.32,105497600.00
12/13/16,27.27,28.80,28.98,28.44,28.46,174935200.00
12/14/16,27.27,28.80,29.05,28.75,28.76,136127200.00
12/15/16,27.42,28.95,29.18,28.81,28.84,186098000.00
12/16/16,27.46,28.99,29.13,28.91,29.12,177404400.00
12/19/16,27.62,29.16,29.34,28.94,28.95,111117600.00
12/20/16,27.69,29.24,29.38,29.17,29.18,85700000.00
12/21/16,27.72,29.26,29.35,29.19,29.20,95132800.00
12/22/16,27.53,29.07,29.13,28.91,29.09,104343600.00
12/23/16,27.59,29.13,29.13,28.90,28.90,56998000.00
12/27/16,27.76,29.32,29.45,29.12,29.13,73187600.00
12/28/16,27.65,29.19,29.50,29.05,29.38,83623600.00
12/29/16,27.64,29.18,29.28,29.10,29.11,60158000.00
12/30/16,27.42,28.95,29.30,28.86,29.16,122345200.00
1/3/17,27.50,29.04,29.08,28.69,28.95,115127600.00
1/4/17,27.47,29.00,29.13,28.94,28.96,84472400.00
1/5/17,27.61,29.15,29.22,28.95,28.98,88774400.00
1/6/17,27.92,29.48,29.54,29.12,29.19,127007600.00
1/9/17,28.17,29.75,29.86,29.49,29.49,134247600.00
1/10/17,28.20,29.78,29.84,29.58,29.69,97848400.00
1/11/17,28.35,29.94,29.98,29.65,29.68,110354400.00
1/12/17,28.23,29.81,29.83,29.55,29.73,108344800.00
1/13/17,28.19,29.76,29.91,29.70,29.78,104447600.00
1/17/17,28.41,30.00,30.06,29.56,29.58,137759200.00
1/18/17,28.41,30.00,30.13,29.93,30.00,94852000.00
1/19/17,28.36,29.94,30.02,29.84,29.85,102389200.00
1/20/17,28.41,30.00,30.11,29.93,30.11,130391600.00
1/23/17,28.43,30.02,30.20,29.94,30.00,88200800.00
1/24/17,28.41,29.99,30.02,29.88,29.89,92844000.00
1/25/17,28.86,30.47,30.52,30.07,30.10,129510400.00
1/26/17,28.87,30.49,30.61,30.40,30.42,105350400.00
1/27/17,28.87,30.49,30.59,30.40,30.53,82251600.00
1/30/17,28.80,30.41,30.41,30.17,30.23,121510000.00
1/31/17,28.73,30.34,30.35,30.16,30.29,196804000.00
2/1/17,30.48,32.19,32.62,31.75,31.76,447940000.00
2/2/17,30.43,32.13,32.35,31.94,32.00,134841600.00
2/3/17,30.56,32.27,32.30,32.04,32.08,98029200.00
2/6/17,30.85,32.57,32.63,32.22,32.28,107383600.00
2/7/17,31.14,32.88,33.02,32.61,32.63,152735200.00
2/8/17,31.26,33.01,33.06,32.81,32.84,92016400.00
2/9/17,31.49,33.10,33.11,32.78,32.91,113399600.00
2/10/17,31.42,33.03,33.24,33.01,33.12,80262000.00
2/13/17,31.70,33.32,33.46,33.19,33.27,92141600.00
2/14/17,32.11,33.76,33.77,33.31,33.37,132904800.00
2/15/17,32.22,33.88,34.07,33.65,33.88,142492400.00
2/16/17,32.19,33.84,33.97,33.71,33.92,90338400.00
2/17/17,32.27,33.93,33.96,33.78,33.78,88792800.00
2/21/17,32.51,34.17,34.19,33.99,34.06,98028800.00
2/22/17,32.60,34.28,34.28,34.03,34.11,83347600.00
2/23/17,32.47,34.13,34.37,34.08,34.35,83152800.00
2/24/17,32.50,34.17,34.17,33.82,33.98,87106400.00
2/27/17,32.56,34.23,34.36,34.07,34.28,81029600.00
2/28/17,32.58,34.25,34.36,34.17,34.27,93931600.00
3/1/17,33.24,34.95,35.04,34.40,34.47,145658400.00
3/2/17,33.04,34.74,35.07,34.69,35.00,104844000.00
3/3/17,33.24,34.94,34.96,34.65,34.69,84432400.00
3/6/17,33.13,34.83,34.94,34.65,34.84,87000000.00
3/7/17,33.18,34.88,34.99,34.70,34.76,69785200.00
3/8/17,33.05,34.75,34.95,34.71,34.74,74828800.00
3/9/17,32.98,34.67,34.70,34.26,34.69,88623600.00
3/10/17,33.09,34.78,34.84,34.66,34.81,78451200.00
3/13/17,33.10,34.80,34.86,34.71,34.71,69686800.00
3/14/17,33.05,34.75,34.91,34.71,34.83,61236400.00
3/15/17,33.40,35.12,35.19,34.76,34.85,102767200.00
3/16/17,33.46,35.17,35.26,35.06,35.18,76928000.00
3/17/17,33.29,35.00,35.25,34.97,35.25,175540000.00
3/20/17,33.64,35.37,35.38,35.06,35.10,86168000.00
3/21/17,33.25,34.96,35.70,34.93,35.53,158119600.00
3/22/17,33.63,35.35,35.40,34.94,34.96,103440800.00
3/23/17,33.51,35.23,35.40,35.15,35.31,81385200.00
3/24/17,33.44,35.16,35.44,35.09,35.38,89582400.00
3/27/17,33.50,35.22,35.31,34.65,34.85,94300400.00
3/28/17,34.20,35.95,36.01,35.15,35.23,133499200.00
3/29/17,34.27,36.03,36.12,35.80,35.92,116760000.00
3/30/17,34.23,35.98,36.13,35.88,36.05,84829200.00
3/31/17,34.16,35.92,36.07,35.75,35.93,78646800.00
4/3/17,34.17,35.92,36.03,35.76,35.93,79942800.00
4/4/17,34.43,36.19,36.22,35.79,35.81,79565600.00
4/5/17,34.25,36.01,36.37,35.95,36.06,110871600.00
4/6/17,34.16,35.92,36.13,35.86,36.07,84596000.00
4/7/17,34.09,35.83,36.04,35.82,35.93,66688800.00
4/10/17,34.05,35.79,35.97,35.72,35.90,75733600.00
4/11/17,33.68,35.41,35.84,35.01,35.74,121517600.00
4/12/17,33.72,35.45,35.54,35.25,35.40,81400000.00
4/13/17,33.54,35.26,35.60,35.26,35.48,71291600.00
4/17/17,33.73,35.46,35.47,35.22,35.37,66328400.00
4/18/17,33.58,35.30,35.51,35.28,35.35,58790000.00
4/19/17,33.45,35.17,35.50,35.11,35.47,69313600.00
4/20/17,33.87,35.61,35.73,35.29,35.31,93278400.00
4/21/17,33.83,35.57,35.67,35.46,35.61,69283600.00
4/24/17,34.16,35.91,35.99,35.79,35.88,68537200.00
4/25/17,34.37,36.13,36.22,35.97,35.98,75486000.00
4/26/17,34.17,35.92,36.15,35.85,36.12,80164800.00
4/27/17,34.19,35.95,36.04,35.83,35.98,56985200.00
4/28/17,34.16,35.91,36.08,35.82,36.02,83441600.00
5/1/17,34.86,36.65,36.80,36.24,36.28,134411600.00
5/2/17,35.08,36.88,37.02,36.71,36.88,181408800.00
5/3/17,34.97,36.76,36.87,36.07,36.40,182788000.00
5/4/17,34.84,36.63,36.78,36.45,36.63,93487600.00
5/5/17,35.42,37.24,37.24,36.69,36.69,109310800.00
5/8/17,36.39,38.25,38.42,37.26,37.26,195009600.00
5/9/17,36.62,38.50,38.72,38.36,38.47,156521600.00
5/10/17,36.44,38.31,38.49,38.03,38.41,103222800.00
5/11/17,36.76,38.49,38.52,38.08,38.11,109020400.00
5/12/17,37.27,39.03,39.10,38.67,38.67,130108000.00
5/15/17,37.18,38.92,39.16,38.76,39.00,104038800.00
5/16/17,37.12,38.87,39.01,38.68,38.99,80194000.00
5/17/17,35.88,37.56,38.64,37.43,38.40,203070800.00
5/18/17,36.42,38.13,38.33,37.78,37.82,134272800.00
5/19/17,36.55,38.26,38.49,38.16,38.35,107843200.00
5/22/17,36.77,38.50,38.65,38.23,38.50,91865600.00
5/23/17,36.72,38.45,38.72,38.33,38.72,79675600.00
5/24/17,36.61,38.33,38.54,38.17,38.46,76712000.00
5/25/17,36.74,38.47,38.59,38.26,38.43,76942400.00
5/26/17,36.68,38.40,38.56,38.33,38.50,87710400.00
5/30/17,36.69,38.42,38.61,38.33,38.35,80507600.00
5/31/17,36.48,38.19,38.54,38.10,38.49,97804800.00
6/1/17,36.58,38.29,38.33,38.06,38.29,65616400.00
6/2/17,37.12,38.86,38.86,38.22,38.40,111082800.00
6/5/17,36.76,38.48,38.61,38.37,38.58,101326800.00
6/6/17,36.88,38.61,38.95,38.44,38.47,106499600.00
6/7/17,37.10,38.84,38.99,38.62,38.76,84278400.00
6/8/17,37.01,38.75,38.88,38.60,38.81,85003200.00
6/9/17,35.57,37.24,38.80,36.51,38.80,259530800.00
6/12/17,34.72,36.35,36.52,35.63,36.44,289229200.00
6/13/17,35.00,36.65,36.86,36.29,36.79,136661600.00
6/14/17,34.66,36.29,36.88,35.96,36.88,126124800.00
6/15/17,34.45,36.07,36.12,35.55,35.83,128661600.00
6/16/17,33.97,35.57,36.13,35.55,35.94,201444400.00
6/19/17,34.94,36.58,36.69,35.92,35.92,130165600.00
6/20/17,34.63,36.25,36.72,36.24,36.72,99600400.00
6/21/17,34.83,36.47,36.52,36.15,36.38,85063200.00
6/22/17,34.77,36.41,36.67,36.28,36.44,76425200.00
6/23/17,34.93,36.57,36.79,36.28,36.28,141757600.00
6/26/17,34.82,36.46,37.07,36.35,36.79,102769600.00
6/27/17,34.32,35.93,36.54,35.90,36.25,99047600.00
6/28/17,34.82,36.46,36.53,35.79,36.12,88329600.00
6/29/17,34.31,35.92,36.28,35.57,36.18,125997600.00
6/30/17,34.39,36.01,36.24,35.94,36.11,92096400.00
7/3/17,34.26,35.88,36.33,35.78,36.22,57111200.00
7/5/17,34.41,36.02,36.20,35.68,35.92,86278400.00
7/6/17,34.08,35.68,35.88,35.60,35.76,96515200.00
7/7/17,34.43,36.04,36.19,35.72,35.72,76806800.00
7/10/17,34.64,36.26,36.49,35.84,36.03,84362400.00
7/11/17,34.75,36.38,36.46,36.10,36.18,79127200.00
7/12/17,34.80,36.44,36.54,36.21,36.47,99538000.00
7/13/17,35.28,36.94,37.12,36.36,36.38,100797600.00
7/14/17,35.59,37.26,37.33,36.83,36.99,80528400.00
7/17/17,35.71,37.39,37.72,37.14,37.21,95174000.00
7/18/17,35.84,37.52,37.53,37.17,37.30,71475200.00
7/19/17,36.06,37.76,37.85,37.49,37.62,83692000.00
7/20/17,35.90,37.58,37.94,37.55,37.88,68974800.00
7/21/17,35.88,37.57,37.61,37.22,37.50,105010400.00
7/24/17,36.32,38.02,38.11,37.47,37.65,85972800.00
7/25/17,36.47,38.19,38.46,37.95,37.95,75415600.00
7/26/17,36.64,38.37,38.48,38.26,38.34,63124000.00
7/27/17,35.95,37.64,38.50,36.83,38.44,129905200.00
7/28/17,35.70,37.38,37.56,37.30,37.47,68854800.00
7/31/17,35.51,37.18,37.58,37.03,37.47,79383600.00
8/1/17,35.83,37.51,37.56,37.10,37.28,141474400.00
8/2/17,37.52,39.28,39.94,39.04,39.82,279747200.00
8/3/17,37.15,38.89,39.30,38.76,39.26,108389200.00
8/4/17,37.34,39.10,39.35,38.92,39.02,82239600.00
8/7/17,37.92,39.70,39.73,39.17,39.26,87481200.00
8/8/17,38.22,40.02,40.46,39.57,39.65,144823600.00
8/9/17,38.46,40.26,40.32,39.78,39.81,104526000.00
8/10/17,37.23,38.83,40.00,38.66,39.97,163217200.00
8/11/17,37.75,39.37,39.64,39.02,39.15,105028400.00
8/14/17,38.32,39.96,40.05,39.69,39.83,88490800.00
8/15/17,38.74,40.40,40.55,40.03,40.17,117862000.00
8/16/17,38.58,40.24,40.63,40.04,40.49,110686400.00
8/17/17,37.84,39.47,40.18,39.46,40.13,111762400.00
8/18/17,37.76,39.38,39.88,39.18,39.47,109712400.00
8/21/17,37.69,39.30,39.47,38.78,39.38,105474000.00
8/22/17,38.30,39.94,40.00,39.51,39.56,86418400.00
8/23/17,38.35,39.99,40.12,39.72,39.77,77596400.00
8/24/17,38.18,39.82,40.19,39.64,40.11,79275600.00
8/25/17,38.32,39.97,40.14,39.82,39.91,101920400.00
8/28/17,38.71,40.37,40.50,39.98,40.03,103864000.00
8/29/17,39.05,40.73,40.78,40.00,40.03,118067600.00
8/30/17,39.16,40.84,40.97,40.65,40.95,109078400.00
8/31/17,39.31,41.00,41.13,40.87,40.91,107140400.00
9/1/17,39.33,41.01,41.24,40.91,41.20,66364400.00
9/5/17,38.85,40.52,41.06,40.14,40.94,117874000.00
9/6/17,38.81,40.48,40.75,40.13,40.68,86606800.00
9/7/17,38.66,40.31,40.56,40.09,40.52,87714000.00
9/8/17,38.03,39.66,40.29,39.63,40.22,114446000.00
9/11/17,38.71,40.38,40.51,39.97,40.13,126323200.00
9/12/17,38.56,40.22,40.99,39.69,40.65,286856000.00
9/13/17,38.27,39.91,39.99,39.48,39.97,179629600.00
9/14/17,37.94,39.57,39.85,39.52,39.75,95042800.00
9/15/17,38.33,39.97,40.24,39.50,39.62,196458400.00
9/18/17,38.04,39.67,40.13,39.50,40.03,113077600.00
9/19/17,38.05,39.68,39.94,39.61,39.88,83242400.00
9/20/17,37.41,39.02,39.56,38.46,39.47,211805600.00
9/21/17,36.77,38.35,38.95,38.19,38.95,150046800.00
9/22/17,36.41,37.97,38.07,37.64,37.88,186581600.00
9/25/17,36.09,37.64,37.96,37.29,37.50,177549200.00
9/26/17,36.71,38.28,38.48,37.92,37.94,146640000.00
9/27/17,36.97,38.56,38.68,38.38,38.45,102016800.00
9/28/17,36.74,38.32,38.57,38.17,38.47,88022000.00
9/29/17,36.95,38.53,38.53,38.00,38.30,105199200.00
10/2/17,36.87,38.45,38.61,38.18,38.56,74795200.00
10/3/17,37.03,38.62,38.77,38.48,38.50,64921200.00
10/4/17,36.79,38.37,38.47,38.12,38.41,80655200.00
10/5/17,37.25,38.85,38.86,38.51,38.54,85135200.00
10/6/17,37.23,38.83,38.87,38.64,38.74,69630400.00
10/9/17,37.36,38.96,39.18,38.87,38.95,65051600.00
10/10/17,37.37,38.97,39.50,38.78,39.01,62468000.00
10/11/17,37.53,39.14,39.24,38.94,38.99,67622400.00
10/12/17,37.40,39.00,39.34,38.93,39.09,64500400.00
10/13/17,37.63,39.25,39.32,39.10,39.18,65576800.00
10/16/17,38.33,39.97,40.00,39.41,39.47,96486000.00
10/17/17,38.47,40.12,40.22,39.81,39.94,75989200.00
10/18/17,38.30,39.94,40.18,39.90,40.10,65496800.00
10/19/17,37.39,38.99,39.27,38.76,39.19,170336800.00
10/20/17,37.46,39.06,39.44,38.99,39.15,95896400.00
10/23/17,37.44,39.04,39.42,38.88,39.22,87937200.00
10/24/17,37.66,39.28,39.35,39.05,39.07,71028800.00
10/25/17,37.49,39.10,39.39,38.82,39.23,84828400.00
10/26/17,37.73,39.35,39.46,39.19,39.31,68002000.00
10/27/17,39.09,40.76,40.90,39.67,39.82,177816800.00
10/30/17,39.97,41.68,42.02,40.93,40.97,178803200.00
10/31/17,40.52,42.26,42.41,41.74,41.97,144187200.00
11/1/17,40.01,41.72,42.49,41.40,42.47,134551200.00
11/2/17,40.30,42.03,42.13,41.32,41.65,165573600.00
11/3/17,41.35,43.13,43.56,42.78,43.50,237594400.00
11/6/17,41.77,43.56,43.75,42.93,43.09,140105200.00
11/7/17,41.90,43.70,43.81,43.40,43.48,97446000.00
11/8/17,42.25,44.06,44.06,43.58,43.67,97638000.00
11/9/17,42.16,43.97,44.03,43.28,43.78,117930400.00
11/10/17,42.02,43.67,43.85,43.57,43.78,100582000.00
11/13/17,41.85,43.49,43.63,43.35,43.38,67928400.00
11/14/17,41.22,42.83,43.37,42.79,43.26,99130000.00
11/15/17,40.68,42.27,42.58,42.10,42.49,116632400.00
11/16/17,41.16,42.78,42.97,42.58,42.79,94550000.00
11/17/17,40.93,42.54,42.85,42.41,42.76,87598000.00
11/20/17,40.89,42.49,42.64,42.39,42.57,65049600.00
11/21/17,41.65,43.28,43.42,42.69,42.69,100525200.00
11/22/17,42.09,43.74,43.75,43.26,43.34,102355600.00
11/24/17,42.09,43.74,43.88,43.66,43.78,56106800.00
11/27/17,41.88,43.52,43.77,43.33,43.76,82867200.00
11/28/17,41.64,43.27,43.72,42.97,43.58,105715200.00
11/29/17,40.77,42.37,43.23,41.79,43.16,166665600.00
11/30/17,41.34,42.96,43.03,42.11,42.61,166108800.00
12/1/17,41.15,42.76,42.92,42.13,42.49,159037200.00
12/4/17,40.85,42.45,43.15,42.41,43.12,130169600.00
12/5/17,40.81,42.41,42.88,42.10,42.26,109400800.00
12/6/17,40.66,42.25,42.55,41.62,41.88,114240000.00
12/7/17,40.73,42.33,42.61,42.23,42.26,102693200.00
12/8/17,40.75,42.34,42.75,42.21,42.62,93420800.00
12/11/17,41.54,43.17,43.22,42.20,42.30,141095200.00
12/12/17,41.31,42.92,43.10,42.87,43.04,77636800.00
12/13/17,41.44,43.07,43.38,43.00,43.13,95273600.00
12/14/17,41.43,43.06,43.28,42.91,43.10,81906000.00
12/15/17,41.85,43.49,43.54,43.12,43.41,160677200.00
12/18/17,42.44,44.10,44.30,43.72,43.72,117684400.00
12/19/17,41.99,43.63,43.85,43.52,43.76,109745600.00
12/20/17,41.94,43.59,43.85,43.31,43.72,93902400.00
12/21/17,42.10,43.75,44.01,43.53,43.54,83799600.00
12/22/17,42.10,43.75,43.85,43.63,43.67,65397600.00
12/26/17,41.04,42.64,42.87,42.42,42.70,132742000.00
12/27/17,41.04,42.65,42.69,42.43,42.53,85992800.00
12/28/17,41.16,42.77,42.96,42.62,42.75,65920800.00
12/29/17,40.71,42.31,42.65,42.31,42.63,103999600.00
1/2/18,41.44,43.06,43.08,42.31,42.54,102223600.00
1/3/18,41.43,43.06,43.64,42.99,43.13,118071600.00
1/4/18,41.63,43.26,43.37,43.02,43.13,89738400.00
1/5/18,42.10,43.75,43.84,43.26,43.36,94640000.00
1/8/18,41.94,43.59,43.90,43.48,43.59,82271200.00
1/9/18,41.94,43.58,43.76,43.35,43.64,86336000.00
1/10/18,41.93,43.57,43.58,43.25,43.29,95839600.00
1/11/18,42.17,43.82,43.87,43.62,43.65,74670800.00
1/12/18,42.60,44.27,44.34,43.91,44.04,101672400.00
1/16/18,42.39,44.05,44.85,44.03,44.47,118263600.00
1/17/18,43.09,44.78,44.81,43.77,44.04,137547200.00
1/18/18,43.13,44.81,45.03,44.56,44.84,124773600.00
1/19/18,42.93,44.62,44.90,44.35,44.65,129700400.00
1/22/18,42.58,44.25,44.44,44.15,44.33,108434400.00
1/23/18,42.59,44.26,44.86,44.21,44.33,130756400.00
1/24/18,41.91,43.56,44.33,43.30,44.31,204420400.00
1/25/18,41.17,42.78,43.74,42.63,43.63,166116000.00
1/26/18,41.26,42.88,43.00,42.51,43.00,156572000.00
1/29/18,40.41,41.99,42.54,41.77,42.54,202561600.00
1/30/18,40.17,41.74,41.84,41.17,41.38,184192800.00
1/31/18,40.28,41.86,42.11,41.63,41.72,129915600.00
2/1/18,40.36,41.94,42.15,41.69,41.79,188923200.00
2/2/18,38.61,40.13,41.70,40.03,41.50,346375200.00
2/5/18,37.65,39.12,40.97,39.00,39.78,290954000.00
2/6/18,39.22,40.76,40.93,38.50,38.71,272975200.00
2/7/18,38.38,39.88,40.85,39.77,40.77,206434400.00
2/8/18,37.33,38.79,40.25,38.76,40.07,217562000.00
2/9/18,37.78,39.10,39.47,37.56,39.27,282690400.00
2/12/18,39.30,40.68,40.97,39.38,39.63,243278000.00
2/13/18,39.70,41.08,41.19,40.41,40.49,130196800.00
2/14/18,40.43,41.84,41.88,40.72,40.76,162579600.00
2/15/18,41.79,43.25,43.27,42.25,42.45,204588800.00
2/16/18,41.65,43.11,43.71,42.94,43.09,160704400.00
2/20/18,41.51,42.96,43.56,42.85,43.01,135722000.00
2/21/18,41.32,42.77,43.53,42.75,43.21,149886400.00
2/22/18,41.67,43.13,43.49,42.93,42.95,123967600.00
2/23/18,42.39,43.88,43.91,43.38,43.42,135249600.00
2/26/18,43.23,44.74,44.85,44.05,44.09,152648800.00
2/27/18,43.09,44.60,45.12,44.54,44.78,155712400.00
2/28/18,43.03,44.53,45.15,44.51,44.81,151128400.00
3/1/18,42.27,43.75,44.94,43.17,44.63,195208000.00
3/2/18,42.57,44.05,44.08,43.11,43.20,153816000.00
3/5/18,42.71,44.21,44.44,43.63,43.80,113605600.00
3/6/18,42.68,44.17,44.56,44.03,44.48,95154000.00
3/7/18,42.28,43.76,43.96,43.57,43.74,126814000.00
3/8/18,42.74,44.24,44.28,43.77,43.87,95096400.00
3/9/18,43.48,44.99,45.00,44.35,44.49,128740800.00
3/12/18,43.90,45.43,45.60,45.05,45.07,128828400.00
3/13/18,43.47,44.99,45.88,44.81,45.65,126774000.00
3/14/18,43.10,44.61,45.13,44.45,45.08,117473600.00
3/15/18,43.15,44.66,45.06,44.52,44.63,90975200.00
3/16/18,43.00,44.51,44.78,44.40,44.66,157618800.00
3/19/18,42.35,43.83,44.37,43.42,44.33,133787200.00
3/20/18,42.33,43.81,44.20,43.74,43.81,78597600.00
3/21/18,41.37,42.82,43.77,42.81,43.76,148219600.00
3/22/18,40.79,42.21,43.17,42.15,42.50,165963200.00
3/23/18,39.84,41.24,42.48,41.24,42.10,164115200.00
3/26/18,41.73,43.19,43.28,41.61,42.02,150164800.00
3/27/18,40.66,42.08,43.79,41.73,43.42,163690400.00
3/28/18,40.21,41.62,42.51,41.30,41.81,166674000.00
3/29/18,40.53,41.94,42.94,41.72,41.95,153594000.00
4/2/18,40.26,41.67,42.24,41.12,41.66,150347200.00
4/3/18,40.68,42.10,42.19,41.22,41.91,121112000.00
4/4/18,41.45,42.90,43.00,41.19,41.22,138422000.00
4/5/18,41.74,43.20,43.56,43.02,43.15,107732800.00
4/6/18,40.67,42.10,43.12,42.05,42.74,140021200.00
4/9/18,41.08,42.51,43.27,42.46,42.47,116070800.00
4/10/18,41.85,43.31,43.50,42.88,43.25,113634400.00
4/11/18,41.65,43.11,43.48,42.92,43.06,89726400.00
4/12/18,42.07,43.53,43.75,43.26,43.35,91557200.00
4/13/18,42.21,43.68,43.96,43.46,43.69,100497200.00
4/16/18,42.47,43.96,44.05,43.71,43.76,86313600.00
4/17/18,43.06,44.56,44.74,44.10,44.12,106421600.00
4/18/18,42.96,44.46,44.71,44.22,44.45,83018000.00
4/19/18,41.74,43.20,43.85,43.17,43.44,139235200.00
4/20/18,40.03,41.43,42.81,41.36,42.65,261964400.00
4/23/18,39.92,41.31,41.73,41.02,41.71,146062000.00
4/24/18,39.36,40.74,41.58,40.31,41.42,134768000.00
4/25/18,39.53,40.91,41.35,40.60,40.65,113528400.00
4/26/18,39.67,41.06,41.43,40.84,41.03,111852000.00
4/27/18,39.21,40.58,41.08,40.16,41.00,142623200.00
4/30/18,39.92,41.31,41.81,40.46,40.53,169709600.00
5/1/18,40.85,42.28,42.30,41.32,41.60,214277600.00
5/2/18,42.65,44.14,44.44,43.45,43.81,266157600.00
5/3/18,42.73,44.22,44.38,43.61,43.97,136272800.00
5/4/18,44.41,45.96,46.06,44.54,44.56,224805200.00
5/7/18,44.73,46.29,46.92,46.19,46.29,169805600.00
5/8/18,44.94,46.51,46.56,45.92,46.25,113611200.00
5/9/18,45.26,46.84,46.85,46.31,46.64,92844800.00
5/10/18,45.91,47.51,47.59,46.91,46.94,111957200.00
5/11/18,45.73,47.15,47.51,46.86,47.37,104848800.00
5/14/18,45.62,47.04,47.38,46.97,47.25,83115200.00
5/15/18,45.21,46.61,46.77,46.28,46.69,94780800.00
5/16/18,45.63,47.04,47.12,46.50,46.52,76732400.00
5/17/18,45.34,46.75,47.23,46.59,47.00,69176000.00
5/18/18,45.18,46.58,46.95,46.53,46.80,73190800.00
5/21/18,45.50,46.91,47.32,46.73,47.00,73603200.00
5/22/18,45.38,46.79,47.22,46.69,47.10,60962800.00
5/23/18,45.68,47.09,47.13,46.44,46.59,80233600.00
5/24/18,45.62,47.04,47.21,46.55,47.19,92936000.00
5/25/18,45.73,47.15,47.41,46.91,47.06,69844000.00
5/29/18,45.56,46.97,47.19,46.72,46.90,90056400.00
5/30/18,45.47,46.88,47.00,46.69,46.93,74762000.00
5/31/18,45.31,46.72,47.06,46.53,46.81,109931200.00
6/1/18,46.13,47.56,47.56,46.94,47.00,93770000.00
6/4/18,46.52,47.96,48.35,47.84,47.91,105064800.00
6/5/18,46.88,48.33,48.49,48.09,48.27,86264000.00
6/6/18,47.04,48.49,48.52,47.98,48.41,83734400.00
6/7/18,46.91,48.37,48.55,48.08,48.53,85388800.00
6/8/18,46.49,47.92,48.00,47.44,47.79,106627200.00
6/11/18,46.37,47.81,47.99,47.55,47.84,73234000.00
6/12/18,46.63,48.07,48.15,47.79,47.85,67644400.00
6/13/18,46.24,47.67,48.22,47.61,48.10,86553600.00
6/14/18,46.27,47.70,47.89,47.56,47.89,86440400.00
6/15/18,45.79,47.21,47.54,47.06,47.51,246876800.00
6/18/18,45.77,47.19,47.31,46.80,46.97,73939600.00
6/19/18,45.03,46.42,46.58,45.86,46.28,134314000.00
6/20/18,45.22,46.63,46.80,46.43,46.59,82514800.00
6/21/18,44.97,46.37,47.09,46.24,46.81,102847600.00
6/22/18,44.84,46.23,46.54,46.17,46.53,108801600.00
6/25/18,44.17,45.54,46.23,45.18,45.85,126652400.00
6/26/18,44.72,46.11,46.63,45.63,45.75,98276800.00
6/27/18,44.66,46.04,46.82,46.01,46.31,101141200.00
6/28/18,44.98,46.38,46.55,45.95,46.03,69460800.00
6/29/18,44.89,46.28,46.80,45.73,46.57,90950800.00
7/2/18,45.39,46.79,46.83,45.85,45.96,70925200.00
7/3/18,44.60,45.98,46.99,45.88,46.95,55819200.00
7/5/18,44.96,46.35,46.60,46.07,46.31,66416800.00
7/6/18,45.58,46.99,47.11,46.30,46.35,69940800.00
7/9/18,46.21,47.65,47.67,47.33,47.38,79026400.00
7/10/18,46.16,47.59,47.82,47.54,47.68,63756400.00
7/11/18,45.56,46.97,47.44,46.90,47.13,75326000.00
7/12/18,46.32,47.76,47.85,47.33,47.38,72164400.00
7/13/18,46.40,47.83,47.96,47.72,47.77,50055600.00
7/16/18,46.29,47.73,48.16,47.60,47.88,60172400.00
7/17/18,46.42,47.86,47.97,47.30,47.44,62138000.00
7/18/18,46.17,47.60,47.95,47.48,47.94,65573600.00
7/19/18,46.53,47.97,48.14,47.42,47.42,81147200.00
7/20/18,46.42,47.86,48.11,47.54,47.94,82704800.00
7/23/18,46.46,47.90,47.99,47.39,47.67,63957600.00
7/24/18,46.80,48.25,48.42,48.01,48.11,74791600.00
7/25/18,47.24,48.71,48.71,48.11,48.26,66839600.00
7/26/18,47.09,48.55,48.99,48.40,48.65,76304000.00
7/27/18,46.31,47.74,48.80,47.53,48.75,96096000.00
7/30/18,46.05,47.48,48.05,47.27,47.97,84118000.00
7/31/18,46.14,47.57,48.03,47.33,47.58,157492000.00
8/1/18,48.86,50.38,50.44,49.33,49.78,271742800.00
8/2/18,50.29,51.85,52.10,50.09,50.15,249616000.00
8/3/18,50.44,52.00,52.19,51.37,51.76,133789600.00
8/6/18,50.70,52.27,52.31,51.77,52.00,101701600.00
8/7/18,50.22,51.78,52.38,51.69,52.33,102349600.00
8/8/18,50.26,51.81,51.95,51.13,51.51,90102000.00
8/9/18,50.65,52.22,52.44,51.80,52.38,93970400.00
8/10/18,50.50,51.88,52.28,51.67,51.84,98444800.00
8/13/18,50.83,52.22,52.74,51.92,52.33,103563600.00
8/14/18,51.04,52.44,52.64,52.06,52.54,82992000.00
8/15/18,51.16,52.56,52.69,52.08,52.31,115230400.00
8/16/18,51.91,53.33,53.45,52.87,52.94,114001600.00
8/17/18,52.95,54.40,54.49,53.29,53.36,141708000.00
8/20/18,52.43,53.87,54.79,53.78,54.53,121150800.00
8/21/18,52.33,53.76,54.30,53.51,54.20,104639200.00
8/22/18,52.33,53.76,54.09,53.46,53.53,76072400.00
8/23/18,52.44,53.87,54.26,53.65,53.66,75532800.00
8/24/18,52.60,54.04,54.22,53.78,54.15,73905600.00
8/27/18,53.03,54.49,54.69,54.08,54.29,82100400.00
8/28/18,53.46,54.92,55.13,54.73,54.75,91107200.00
8/29/18,54.26,55.74,55.87,54.85,55.04,109019200.00
8/30/18,54.76,56.26,57.06,55.60,55.81,195175200.00
8/31/18,55.39,56.91,57.22,56.50,56.63,173360400.00
9/4/18,55.57,57.09,57.29,56.66,57.10,109560400.00
9/5/18,55.21,56.72,57.42,56.28,57.25,133332000.00
9/6/18,54.29,55.78,56.84,55.33,56.56,137160000.00
9/7/18,53.85,55.33,56.34,55.18,55.46,150479200.00
9/10/18,53.13,54.58,55.46,54.12,55.24,158066000.00
9/11/18,54.47,55.96,56.08,54.14,54.50,142996000.00
9/12/18,53.80,55.27,56.25,54.96,56.24,197114800.00
9/13/18,55.09,56.60,57.09,55.64,55.88,166825600.00
9/14/18,54.47,55.96,56.71,55.63,56.44,127997200.00
9/17/18,53.02,54.47,55.74,54.32,55.54,148780400.00
9/18/18,53.11,54.56,55.46,54.28,54.45,126286800.00
9/19/18,53.14,54.59,54.90,53.83,54.63,108495200.00
9/20/18,53.54,55.01,55.57,54.79,55.06,106435200.00
9/21/18,52.97,54.42,55.34,54.32,55.19,384986800.00
9/24/18,53.73,55.20,55.31,54.16,54.21,110773600.00
9/25/18,54.07,55.55,55.71,54.92,54.94,98217600.00
9/26/18,53.64,55.10,55.94,54.94,55.25,95938800.00
9/27/18,54.74,56.24,56.61,55.88,55.96,120724800.00
9/28/18,54.93,56.44,56.46,56.01,56.20,91717600.00
10/1/18,55.30,56.81,57.35,56.59,56.99,94403200.00
10/2/18,55.79,57.32,57.50,56.66,56.81,99152800.00
10/3/18,56.47,58.02,58.37,57.44,57.51,114619200.00
10/4/18,55.48,57.00,58.09,56.68,57.69,128168000.00
10/5/18,54.58,56.07,57.10,55.15,56.99,134322000.00
10/8/18,54.45,55.94,56.20,55.05,55.55,118655600.00
10/9/18,55.21,56.72,56.82,55.56,55.91,107564000.00
10/10/18,52.65,54.09,56.59,54.01,56.37,167962400.00
10/11/18,52.18,53.61,54.88,53.08,53.63,212497600.00
10/12/18,54.05,55.53,55.72,54.21,55.10,161351600.00
10/15/18,52.89,54.34,55.46,54.32,55.29,123164000.00
10/16/18,54.06,55.54,55.75,54.19,54.73,116736000.00
10/17/18,53.82,55.30,55.66,54.83,55.58,91541600.00
10/18/18,52.57,54.01,54.94,53.25,54.47,130325200.00
10/19/18,53.37,54.83,55.31,54.36,54.51,132314800.00
10/22/18,53.69,55.16,55.84,54.74,54.95,115168400.00
10/23/18,54.20,55.68,55.81,53.67,53.96,155071200.00
10/24/18,52.34,53.77,56.06,53.63,55.65,163702000.00
10/25/18,53.49,54.95,55.35,54.19,54.43,119423200.00
10/26/18,52.63,54.08,55.05,53.17,53.97,189033600.00
10/29/18,51.65,53.06,54.92,51.52,54.80,183742000.00
10/30/18,51.90,53.33,53.79,52.32,52.79,146640000.00
10/31/18,53.26,54.72,55.11,54.15,54.22,153435600.00
11/1/18,54.08,55.56,55.59,54.20,54.76,233292800.00
11/2/18,50.49,51.87,53.41,51.36,52.39,365314800.00
11/5/18,49.06,50.40,51.10,49.54,51.08,264654800.00
11/6/18,49.59,50.94,51.18,50.42,50.48,127531600.00
11/7/18,51.09,52.49,52.51,51.03,51.49,133697600.00
11/8/18,50.91,52.12,52.53,51.69,52.49,101450400.00
11/9/18,49.93,51.12,51.50,50.56,51.39,137463200.00
11/12/18,47.41,48.54,49.96,48.45,49.75,204542000.00
11/13/18,46.94,48.06,49.29,47.86,47.91,187531600.00
11/14/18,45.61,46.70,48.62,46.48,48.47,243204000.00
11/15/18,46.74,47.85,47.99,46.72,47.10,185915200.00
11/16/18,47.26,48.38,48.74,47.37,47.63,147713200.00
11/19/18,45.39,46.47,47.67,46.25,47.50,167701200.00
11/20/18,43.22,44.24,45.37,43.88,44.59,271300800.00
11/21/18,43.17,44.19,45.07,44.14,44.93,124496800.00
11/23/18,42.07,43.07,44.15,43.03,43.74,94496000.00
11/26/18,42.64,43.65,43.74,42.56,43.56,179994000.00
11/27/18,42.55,43.56,43.69,42.72,42.88,165549600.00
11/28/18,44.18,45.24,45.32,43.73,44.18,184250000.00
11/29/18,43.84,44.89,45.70,44.42,45.67,167080000.00
11/30/18,43.61,44.65,45.08,44.26,45.07,158126000.00
12/3/18,45.13,46.21,46.24,45.30,46.12,163210000.00
12/4/18,43.15,44.17,45.60,44.07,45.24,165377200.00
12/6/18,42.66,43.68,43.69,42.60,42.94,172393600.00
12/7/18,41.14,42.12,43.62,42.08,43.37,169126400.00
12/10/18,41.41,42.40,42.52,40.83,41.25,248104000.00
12/11/18,41.18,42.16,42.95,41.75,42.92,189126800.00
12/12/18,41.29,42.28,42.98,42.26,42.60,142510800.00
12/13/18,41.74,42.74,43.14,42.39,42.62,127594400.00
12/14/18,40.41,41.37,42.27,41.32,42.25,162814800.00
12/17/18,40.03,40.99,42.09,40.68,41.36,177151600.00
12/18/18,40.55,41.52,41.88,41.10,41.35,135366000.00
12/19/18,39.29,40.22,41.86,39.77,41.50,196189200.00
12/20/18,38.30,39.21,40.53,38.83,40.10,259092000.00
12/21/18,36.81,37.68,39.54,37.41,39.22,382978400.00
12/24/18,35.85,36.71,37.89,36.65,37.04,148676800.00
12/26/18,38.38,39.29,39.31,36.68,37.08,234330000.00
12/27/18,38.13,39.04,39.19,37.52,38.96,212468400.00
12/28/18,38.15,39.06,39.63,38.64,39.38,169165600.00
12/31/18,38.52,39.44,39.84,39.12,39.63,140014000.00
1/2/19,38.56,39.48,39.71,38.56,38.72,148158800.00
1/3/19,34.72,35.55,36.43,35.50,35.99,365248800.00
1/4/19,36.20,37.06,37.14,35.95,36.13,234428400.00
1/7/19,36.12,36.98,37.21,36.47,37.17,219111200.00
1/8/19,36.81,37.69,37.96,37.13,37.39,164101200.00
1/9/19,37.44,38.33,38.63,37.41,37.82,180396400.00
1/10/19,37.56,38.45,38.49,37.72,38.13,143122800.00
1/11/19,37.19,38.07,38.42,37.88,38.22,108092800.00
1/14/19,36.63,37.50,37.82,37.31,37.71,129756800.00
1/15/19,37.38,38.27,38.35,37.51,37.57,114843600.00
1/16/19,37.83,38.74,38.97,38.25,38.27,122278800.00
1/17/19,38.06,38.97,39.42,38.31,38.55,119284800.00
1/18/19,38.29,39.21,39.47,38.99,39.38,135004000.00
1/22/19,37.43,38.33,39.18,38.15,39.10,121576000.00
1/23/19,37.59,38.48,38.78,37.92,38.54,92522400.00
1/24/19,37.29,38.17,38.62,37.94,38.53,101766000.00
1/25/19,38.52,39.44,39.53,38.58,38.87,134142000.00
1/28/19,38.17,39.08,39.08,38.42,38.95,104768400.00
1/29/19,37.77,38.67,39.53,38.53,39.06,166348800.00
1/30/19,40.35,41.31,41.54,40.06,40.81,244439200.00
1/31/19,40.64,41.61,42.25,41.14,41.53,162958400.00
2/1/19,40.66,41.63,42.24,41.48,41.74,130672400.00
2/4/19,41.82,42.81,42.92,41.82,41.85,125982000.00
2/5/19,42.53,43.54,43.77,43.09,43.22,144406400.00
2/6/19,42.55,43.56,43.89,43.21,43.66,112958400.00
2/7/19,41.74,42.74,43.49,42.58,43.10,126966800.00
2/8/19,41.79,42.60,42.67,42.10,42.25,95280000.00
2/11/19,41.55,42.36,42.80,42.31,42.76,83973600.00
2/12/19,41.91,42.72,42.75,42.42,42.53,89134000.00
2/13/19,41.73,42.54,43.12,42.48,42.85,89960800.00
2/14/19,41.89,42.70,42.81,42.35,42.43,87342800.00
2/15/19,41.79,42.60,42.92,42.44,42.81,98507200.00
2/19/19,41.92,42.73,42.86,42.37,42.43,75891200.00
2/20/19,42.19,43.01,43.33,42.75,42.80,104457600.00
2/21/19,41.95,42.76,43.09,42.58,42.95,68998800.00
2/22/19,42.42,43.24,43.25,42.85,42.90,75652800.00
2/25/19,42.73,43.56,43.97,43.49,43.54,87493600.00
2/26/19,42.75,43.58,43.83,43.29,43.43,68280800.00
2/27/19,42.88,43.72,43.75,43.18,43.30,111341600.00
2/28/19,42.46,43.29,43.73,43.23,43.58,112861600.00
3/1/19,42.91,43.74,43.79,43.22,43.57,103544800.00
3/4/19,43.13,43.96,44.44,43.49,43.92,109744800.00
3/5/19,43.05,43.88,44.00,43.63,43.99,78949600.00
3/6/19,42.80,43.63,43.87,43.49,43.67,83241600.00
3/7/19,42.30,43.13,43.61,43.01,43.47,99185600.00
3/8/19,42.40,43.23,43.27,42.38,42.58,95997600.00
3/11/19,43.87,44.72,44.78,43.84,43.87,128044000.00
3/12/19,44.37,45.23,45.67,44.84,45.00,129870400.00
3/13/19,44.56,45.43,45.83,45.23,45.56,124130000.00
3/14/19,45.06,45.93,46.03,45.64,45.97,94318000.00
3/15/19,45.64,46.53,46.83,45.94,46.21,156171600.00
3/18/19,46.11,47.01,47.10,46.45,46.45,104879200.00
3/19/19,45.74,46.63,47.25,46.48,47.09,126585600.00
3/20/19,46.14,47.04,47.37,46.18,46.56,124140800.00
3/21/19,47.84,48.77,49.08,47.45,47.51,204136800.00
3/22/19,46.85,47.76,49.42,47.69,48.83,169630800.00
3/25/19,46.29,47.19,47.99,46.65,47.88,175381200.00
3/26/19,45.81,46.70,48.22,46.15,47.92,199202000.00
3/27/19,46.22,47.12,47.44,46.64,47.19,119393600.00
3/28/19,46.28,47.18,47.39,46.88,47.24,83121600.00
3/29/19,46.58,47.49,47.52,47.13,47.46,94256000.00
4/1/19,46.90,47.81,47.92,47.10,47.91,111448000.00
4/2/19,47.58,48.51,48.62,47.76,47.77,91062800.00
4/3/19,47.91,48.84,49.13,48.29,48.31,93087200.00
4/4/19,47.99,48.92,49.09,48.28,48.70,76457200.00
4/5/19,48.31,49.25,49.28,48.98,49.11,74106400.00
4/8/19,49.07,50.03,50.06,49.08,49.10,103526800.00
4/9/19,48.92,49.88,50.71,49.81,50.08,143072800.00
4/10/19,49.20,50.15,50.19,49.54,49.67,86781200.00
4/11/19,48.79,49.74,50.25,49.61,50.21,83603200.00
4/12/19,48.77,49.72,50.03,49.05,49.80,111042800.00
4/15/19,48.86,49.81,49.96,49.50,49.65,70146400.00
4/16/19,48.86,49.81,50.34,49.64,49.87,102785600.00
4/17/19,49.82,50.78,50.85,49.65,49.88,115627200.00
4/18/19,49.99,50.97,51.04,50.63,50.78,96783200.00
4/22/19,50.16,51.13,51.24,50.58,50.71,77758000.00
4/23/19,50.88,51.87,51.94,50.97,51.11,93292000.00
4/24/19,50.80,51.79,52.12,51.76,51.84,70162400.00
4/25/19,50.34,51.32,51.94,51.28,51.71,74172800.00
4/26/19,50.10,51.08,51.25,50.53,51.22,74596400.00
4/29/19,50.18,51.15,51.49,50.97,51.10,88818800.00
4/30/19,49.21,50.17,50.85,49.78,50.76,186139600.00
5/1/19,51.63,52.63,53.83,52.31,52.47,259309200.00
5/2/19,51.29,52.29,53.16,52.03,52.46,127985200.00
5/3/19,51.93,52.94,52.96,52.56,52.72,83569600.00
5/6/19,51.13,52.12,52.21,50.88,51.07,129772400.00
5/7/19,49.75,50.72,51.85,50.21,51.47,155054800.00
5/8/19,49.76,50.72,51.33,50.44,50.47,105358000.00
5/9/19,49.22,50.18,50.42,49.17,50.10,139634400.00
5/10/19,48.54,49.29,49.71,48.19,49.35,164834800.00
5/13/19,45.72,46.43,47.37,45.71,46.93,229722400.00
5/14/19,46.44,47.17,47.42,46.35,46.60,146118800.00
5/15/19,47.00,47.73,47.94,46.51,46.57,106178800.00
5/16/19,46.79,47.52,48.12,47.21,47.48,132125600.00
5/17/19,46.53,47.25,47.72,46.69,46.73,131516400.00
5/20/19,45.07,45.77,46.09,45.07,45.88,154449200.00
5/21/19,45.94,46.65,47.00,46.17,46.31,113459200.00
5/22/19,45.00,45.69,46.43,45.64,46.17,118994400.00
5/23/19,44.23,44.92,45.13,44.45,44.95,146118800.00
5/24/19,44.06,44.74,45.53,44.65,45.05,94858800.00
5/28/19,43.88,44.56,45.15,44.48,44.73,111792800.00
5/29/19,43.67,44.35,44.84,44.00,44.10,113924800.00
5/30/19,43.89,44.58,44.81,44.17,44.49,84873600.00
5/31/19,43.10,43.77,44.50,43.75,44.06,108174400.00
6/3/19,42.66,43.33,44.48,42.57,43.90,161584400.00
6/4/19,44.22,44.91,44.96,43.63,43.86,123872000.00
6/5/19,44.94,45.63,46.25,45.28,46.07,119093600.00
6/6/19,45.60,46.31,46.37,45.54,45.77,90105200.00
6/7/19,46.81,47.54,47.98,46.44,46.63,122737600.00
6/10/19,47.41,48.15,48.84,47.90,47.95,104883600.00
6/11/19,47.96,48.70,49.00,48.40,48.72,107731600.00
6/12/19,47.81,48.55,48.99,48.35,48.49,73012800.00
6/13/19,47.80,48.54,49.20,48.40,48.67,86698400.00
6/14/19,47.45,48.19,48.40,47.58,47.89,75046000.00
6/17/19,47.73,48.47,48.74,48.04,48.22,58676400.00
6/18/19,48.85,49.61,50.07,48.80,49.01,106204000.00
6/19/19,48.71,49.47,49.97,49.33,49.92,84496800.00
6/20/19,49.10,49.87,50.15,49.51,50.09,86056000.00
6/21/19,48.94,49.69,50.21,49.54,49.70,191202400.00
6/24/19,48.89,49.65,50.04,49.54,49.63,72881600.00
6/25/19,48.15,48.89,49.81,48.82,49.61,84281200.00
6/26/19,49.19,49.95,50.25,49.34,49.44,104270000.00
6/27/19,49.17,49.94,50.39,49.89,50.07,83598800.00
6/28/19,48.72,49.48,49.88,49.26,49.67,124442400.00
7/1/19,49.62,50.39,51.12,50.16,50.79,109012000.00
7/2/19,49.91,50.68,50.78,50.34,50.35,67740800.00
7/3/19,50.32,51.10,51.11,50.67,50.82,45448000.00
7/5/19,50.28,51.06,51.27,50.72,50.84,69062000.00
7/8/19,49.24,50.01,50.35,49.60,50.20,101354400.00
7/9/19,49.54,50.31,50.38,49.70,49.80,82312000.00
7/10/19,50.03,50.81,50.93,50.39,50.46,71588400.00
7/11/19,49.67,50.44,51.10,50.43,50.83,80767200.00
7/12/19,50.05,50.83,51.00,50.55,50.61,70380800.00
7/15/19,50.52,51.30,51.47,51.00,51.02,67789600.00
7/16/19,50.34,51.13,51.53,50.88,51.15,67467200.00
7/17/19,50.06,50.84,51.27,50.82,51.01,56430000.00
7/18/19,50.63,51.42,51.47,50.92,51.00,74162400.00
7/19/19,49.87,50.65,51.63,50.59,51.45,83717200.00
7/22/19,51.01,51.81,51.81,50.90,50.91,89111600.00
7/23/19,51.41,52.21,52.23,51.82,52.12,73420800.00
7/24/19,51.37,52.17,52.29,51.79,51.92,59966400.00
7/25/19,50.96,51.76,52.31,51.68,52.22,55638400.00
7/26/19,51.14,51.94,52.43,51.78,51.87,70475600.00
7/29/19,51.62,52.42,52.66,52.11,52.12,86693600.00
7/30/19,51.40,52.19,52.54,51.83,52.19,135742800.00
7/31/19,52.45,53.26,55.34,52.83,54.10,277125600.00
8/1/19,51.31,52.11,54.51,51.69,53.47,216071600.00
8/2/19,50.23,51.01,51.61,50.41,51.38,163448400.00
8/5/19,47.60,48.33,49.66,48.15,49.50,209572000.00
8/6/19,48.50,49.25,49.52,48.51,49.08,143299200.00
8/7/19,49.00,49.76,49.89,48.46,48.85,133457600.00
8/8/19,50.08,50.86,50.88,49.85,50.05,108038000.00
8/9/19,49.67,50.25,50.69,49.82,50.33,98478800.00
8/12/19,49.54,50.12,50.51,49.79,49.90,89927600.00
8/13/19,51.64,52.24,53.03,50.12,50.26,188874000.00
8/14/19,50.10,50.69,51.61,50.65,50.79,146189600.00
8/15/19,49.85,50.44,51.28,49.92,50.87,108909600.00
8/16/19,51.03,51.63,51.79,50.96,51.07,110481600.00
8/19/19,51.98,52.59,53.18,52.51,52.65,97654400.00
8/20/19,51.98,52.59,53.34,52.58,52.72,107537200.00
8/21/19,52.55,53.16,53.41,52.90,53.25,86141600.00
8/22/19,52.50,53.12,53.61,52.69,53.30,89014800.00
8/23/19,50.08,50.66,53.01,50.25,52.36,187272000.00
8/26/19,51.03,51.62,51.80,51.26,51.47,104174400.00
8/27/19,50.45,51.04,52.14,50.88,51.97,103493200.00
8/28/19,50.79,51.38,51.43,50.83,51.03,63755200.00
8/29/19,51.65,52.25,52.33,51.67,52.13,83962000.00
8/30/19,51.58,52.19,52.61,51.80,52.54,84573600.00
9/3/19,50.83,51.42,51.74,51.06,51.61,80092000.00
9/4/19,51.69,52.30,52.37,51.83,52.10,76752400.00
9/5/19,52.71,53.32,53.49,52.88,53.00,95654800.00
9/6/19,52.70,53.31,53.60,53.13,53.51,77449200.00
9/9/19,52.93,53.54,54.11,52.77,53.71,109237600.00
9/10/19,53.55,54.17,54.19,52.93,53.47,127111600.00
9/11/19,55.25,55.90,55.93,54.43,54.52,177158400.00
9/12/19,55.13,55.77,56.60,55.72,56.20,128906800.00
9/13/19,54.06,54.69,55.20,54.26,55.00,159053200.00
9/16/19,54.34,54.97,55.03,54.39,54.43,84632400.00
9/17/19,54.54,55.17,55.21,54.78,54.99,73274800.00
9/18/19,55.05,55.69,55.71,54.86,55.26,101360000.00
9/19/19,54.60,55.24,55.94,55.09,55.50,88242400.00
9/20/19,53.80,54.43,55.64,54.37,55.35,221652400.00
9/23/19,54.05,54.68,54.96,54.41,54.74,76662000.00
9/24/19,53.79,54.42,55.62,54.30,55.26,124763200.00
9/25/19,54.62,55.26,55.38,54.28,54.64,87613600.00
9/26/19,54.34,54.97,55.24,54.71,55.00,75334000.00
9/27/19,54.07,54.71,55.24,54.32,55.13,101408000.00
9/30/19,55.35,55.99,56.15,55.20,55.22,103909600.00
10/1/19,55.50,56.15,57.06,56.05,56.27,139223200.00
10/2/19,54.11,54.74,55.90,54.48,55.76,138449200.00
10/3/19,54.57,55.21,55.24,53.78,54.61,114426000.00
10/4/19,56.10,56.75,56.87,55.97,56.41,138478800.00
10/7/19,56.11,56.76,57.48,56.46,56.57,122306000.00
10/8/19,55.45,56.10,57.01,56.08,56.46,111820000.00
10/9/19,56.10,56.76,56.95,56.41,56.76,74770400.00
10/10/19,56.86,57.52,57.61,56.83,56.98,113013600.00
10/11/19,58.37,59.05,59.41,58.08,58.24,166795600.00
10/14/19,58.29,58.97,59.53,58.67,58.72,96427600.00
10/15/19,58.15,58.83,59.41,58.72,59.10,87360000.00
10/16/19,57.92,58.59,58.81,58.30,58.34,73903200.00
10/17/19,58.14,58.82,59.04,58.38,58.77,67585200.00
10/18/19,58.42,59.10,59.40,58.57,58.65,97433600.00
10/21/19,59.43,60.13,60.25,59.33,59.38,87247200.00
10/22/19,59.30,59.99,60.55,59.90,60.29,82293600.00
10/23/19,60.09,60.79,60.81,60.31,60.53,75828800.00
10/24/19,60.19,60.90,61.20,60.45,61.13,69275200.00
10/25/19,60.93,61.65,61.68,60.72,60.79,73477200.00
10/28/19,61.54,62.26,62.31,61.68,61.85,96572800.00
10/29/19,60.12,60.82,62.44,60.64,62.24,142839600.00
10/30/19,60.11,60.81,61.33,60.30,61.19,124522000.00
10/31/19,61.47,62.19,62.29,59.31,61.81,139162000.00
11/1/19,63.22,63.96,63.98,62.29,62.38,151125200.00
11/4/19,63.63,64.38,64.46,63.85,64.33,103272000.00
11/5/19,63.54,64.28,64.55,64.08,64.26,79897600.00
11/6/19,63.57,64.31,64.37,63.84,64.19,75864400.00
11/7/19,64.30,64.86,65.09,64.53,64.68,94940400.00
11/8/19,64.48,65.04,65.11,64.21,64.67,69986400.00
11/11/19,64.99,65.55,65.62,64.57,64.57,81821200.00
11/12/19,64.93,65.49,65.70,65.23,65.39,87388800.00
11/13/19,65.55,66.12,66.19,65.27,65.28,102734400.00
11/14/19,65.10,65.66,66.22,65.53,65.94,89182800.00
11/15/19,65.87,66.44,66.44,65.75,65.92,100206400.00
11/18/19,66.20,66.78,66.86,66.06,66.45,86703200.00
11/19/19,66.00,66.57,67.00,66.35,66.97,76167200.00
11/20/19,65.23,65.80,66.52,65.10,66.39,106234400.00
11/21/19,64.94,65.50,66.00,65.29,65.92,121395200.00
11/22/19,64.88,65.44,65.79,65.21,65.65,65325200.00
11/25/19,66.02,66.59,66.61,65.63,65.68,84020400.00
11/26/19,65.51,66.07,66.79,65.63,66.74,105207600.00
11/27/19,66.39,66.96,67.00,66.33,66.39,65235600.00
11/29/19,66.24,66.81,67.00,66.47,66.65,46617600.00
12/2/19,65.47,66.04,67.06,65.86,66.82,94487200.00
12/3/19,64.31,64.86,64.88,64.07,64.58,114430400.00
12/4/19,64.87,65.43,65.83,65.17,65.27,67181600.00
12/5/19,65.83,66.39,66.47,65.68,65.95,74424400.00
12/6/19,67.10,67.68,67.75,66.82,66.87,106075600.00
12/9/19,66.16,66.73,67.70,66.23,67.50,128042400.00
12/10/19,66.55,67.12,67.52,66.46,67.15,90420400.00
12/11/19,67.11,67.69,67.78,67.13,67.20,78756800.00
12/12/19,67.28,67.86,68.14,66.83,66.94,137310400.00
12/13/19,68.20,68.79,68.82,67.73,67.86,133587600.00
12/16/19,69.37,69.96,70.20,69.25,69.25,128186000.00
12/17/19,69.50,70.10,70.44,69.70,69.89,114158400.00
12/18/19,69.34,69.93,70.47,69.78,69.95,116028400.00
12/19/19,69.41,70.00,70.29,69.74,69.88,98369200.00
12/20/19,69.26,69.86,70.66,69.64,70.56,275978000.00
12/23/19,70.39,71.00,71.06,70.09,70.13,98572000.00
12/24/19,70.46,71.07,71.22,70.73,71.17,48478800.00
12/26/19,71.86,72.48,72.50,71.18,71.21,93121200.00
12/27/19,71.83,72.45,73.49,72.03,72.78,146266000.00
12/30/19,72.26,72.88,73.17,71.31,72.36,144114400.00
12/31/19,72.78,73.41,73.42,72.38,72.48,100805600.00
1/2/20,74.44,75.09,75.15,73.80,74.06,135480400.00
1/3/20,73.72,74.36,75.14,74.13,74.29,146322800.00
1/6/20,74.31,74.95,74.99,73.19,73.45,118387200.00
1/7/20,73.96,74.60,75.22,74.37,74.96,108872000.00
1/8/20,75.15,75.80,76.11,74.29,74.29,132079200.00
1/9/20,76.74,77.41,77.61,76.55,76.81,170108400.00
1/10/20,76.92,77.58,78.17,77.06,77.65,140644800.00
1/13/20,78.56,79.24,79.27,77.79,77.91,121532000.00
1/14/20,77.50,78.17,79.39,78.04,79.18,161954400.00
1/15/20,77.17,77.83,78.88,77.39,77.96,121923600.00
1/16/20,78.14,78.81,78.93,78.02,78.40,108829200.00
1/17/20,79.00,79.68,79.68,78.75,79.07,137816400.00
1/21/20,78.46,79.14,79.75,79.00,79.30,110843200.00
1/22/20,78.74,79.43,80.00,79.33,79.64,101832400.00
1/23/20,79.12,79.81,79.89,78.91,79.48,104472000.00
1/24/20,78.90,79.58,80.83,79.38,80.06,146537600.00
1/27/20,76.58,77.24,77.94,76.22,77.51,161940000.00
1/28/20,78.74,79.42,79.60,78.05,78.15,162234000.00
1/29/20,80.39,81.08,81.96,80.35,81.11,216229200.00
1/30/20,80.27,80.97,81.02,79.69,80.14,126743200.00
1/31/20,76.71,77.38,80.67,77.07,80.23,199588400.00
2/3/20,76.50,77.17,78.37,75.56,76.07,173985600.00
2/4/20,79.03,79.71,79.91,78.41,78.83,136616400.00
2/5/20,79.67,80.36,81.19,79.74,80.88,118826800.00
2/6/20,80.61,81.30,81.31,80.07,80.64,105425600.00
2/7/20,79.51,80.01,80.85,79.50,80.59,117684000.00
2/10/20,79.89,80.39,80.39,78.46,78.54,109348800.00
2/11/20,79.41,79.90,80.97,79.68,80.90,94323200.00
2/12/20,81.29,81.80,81.81,80.37,80.37,113730400.00
2/13/20,80.71,81.22,81.56,80.84,81.05,94747600.00
2/14/20,80.73,81.24,81.50,80.71,81.18,80113600.00
2/18/20,79.25,79.75,79.94,78.65,78.84,152531200.00
2/19/20,80.40,80.90,81.14,80.00,80.00,93984000.00
2/20/20,79.58,80.07,81.16,79.55,80.66,100566000.00
2/21/20,77.78,78.26,80.11,77.63,79.65,129554000.00
2/24/20,74.08,74.54,76.04,72.31,74.32,222195200.00
2/25/20,71.57,72.02,75.63,71.53,75.24,230673600.00
2/26/20,72.71,73.16,74.47,71.63,71.63,198054800.00
2/27/20,67.96,68.38,71.50,68.24,70.28,320605600.00
2/28/20,67.92,68.34,69.60,64.09,64.32,426884800.00
3/2/20,74.24,74.70,75.36,69.43,70.57,341397200.00
3/3/20,71.88,72.33,76.00,71.45,75.92,319475600.00
3/4/20,75.22,75.68,75.85,73.28,74.11,219178400.00
3/5/20,72.78,73.23,74.89,72.85,73.88,187572800.00
3/6/20,71.81,72.26,72.71,70.31,70.50,226176800.00
3/9/20,66.13,66.54,69.52,65.75,65.94,286744800.00
3/10/20,70.89,71.33,71.61,67.34,69.29,285290000.00
3/11/20,68.43,68.86,70.31,67.96,69.35,255598800.00
3/12/20,61.67,62.06,67.50,62.00,63.99,418474000.00
3/13/20,69.06,69.49,69.98,63.24,66.22,370732000.00
3/16/20,60.18,60.55,64.77,60.00,60.49,322423600.00
3/17/20,62.82,63.22,64.40,59.60,61.88,324056000.00
3/18/20,61.28,61.67,62.50,59.28,59.94,300233600.00
3/19/20,60.82,61.19,63.21,60.65,61.85,271857200.00
3/20/20,56.95,57.31,62.96,57.00,61.79,401693200.00
3/23/20,55.74,56.09,57.13,53.15,57.02,336752800.00
3/24/20,61.34,61.72,61.92,58.58,59.09,287531200.00
3/25/20,61.00,61.38,64.56,61.08,62.69,303602000.00
3/26/20,64.21,64.61,64.67,61.59,61.63,252087200.00
3/27/20,61.55,61.94,63.97,61.76,63.19,204216800.00
3/30/20,63.31,63.70,63.88,62.35,62.69,167976400.00
3/31/20,63.18,63.57,65.62,63.00,63.90,197002000.00
4/1/20,59.85,60.23,62.18,59.78,61.63,176218400.00
4/2/20,60.85,61.23,61.29,59.22,60.08,165934000.00
4/3/20,59.98,60.35,61.42,59.74,60.70,129880000.00
4/6/20,65.21,65.62,65.78,62.35,62.72,201820400.00
4/7/20,64.45,64.86,67.93,64.75,67.70,202887200.00
4/8/20,66.10,66.52,66.84,65.31,65.68,168895200.00
4/9/20,66.58,67.00,67.52,66.18,67.18,162116400.00
4/13/20,67.89,68.31,68.43,66.46,67.08,131022800.00
4/14/20,71.32,71.76,72.06,69.51,70.00,194994800.00
4/15/20,70.67,71.11,71.58,70.16,70.60,131154400.00
4/16/20,71.23,71.67,72.05,70.59,71.85,157125200.00
4/17/20,70.26,70.70,71.74,69.21,71.17,215250000.00
4/20/20,68.80,69.23,70.42,69.21,69.49,130015200.00
4/21/20,66.68,67.09,69.31,66.36,69.07,180991600.00
4/22/20,68.60,69.03,69.47,68.05,68.40,117057200.00
4/23/20,68.33,68.76,70.44,68.72,68.97,124814400.00
4/24/20,70.30,70.74,70.75,69.25,69.30,126508800.00
4/27/20,70.35,70.79,71.14,69.99,70.45,117087600.00
4/28/20,69.21,69.64,71.46,69.55,71.27,112004800.00
4/29/20,71.49,71.93,72.42,70.97,71.18,137280800.00
4/30/20,72.99,73.45,73.63,72.09,72.49,183064000.00
5/1/20,71.82,72.27,74.75,71.46,71.56,240616800.00
5/4/20,72.83,73.29,73.42,71.58,72.29,133568000.00
5/5/20,73.93,74.39,75.25,73.61,73.76,147751200.00
5/6/20,74.69,75.16,75.81,74.72,75.11,142333600.00
5/7/20,75.46,75.93,76.29,75.49,75.81,115215200.00
5/8/20,77.26,77.53,77.59,76.07,76.41,134048000.00
5/11/20,78.48,78.75,79.26,76.81,77.03,145946400.00
5/12/20,77.58,77.85,79.92,77.73,79.46,162301200.00
5/13/20,76.64,76.91,78.99,75.80,78.04,200622400.00
5/14/20,77.11,77.39,77.45,75.38,76.13,158929200.00
5/15/20,76.66,76.93,76.97,75.05,75.09,166348400.00
5/18/20,78.46,78.74,79.13,77.58,78.29,135372400.00
5/19/20,78.01,78.29,79.63,78.25,78.76,101729600.00
5/20/20,79.53,79.81,79.88,79.13,79.17,111504800.00
5/21/20,78.93,79.21,80.22,78.97,79.67,102688800.00
5/22/20,79.44,79.72,79.81,78.84,78.94,81803200.00
5/26/20,78.90,79.18,81.06,79.13,80.88,125522000.00
5/27/20,79.25,79.53,79.68,78.27,79.04,112945200.00
5/28/20,79.28,79.56,80.86,78.91,79.19,133560800.00
5/29/20,79.21,79.49,80.29,79.12,79.81,153598000.00
6/1/20,80.18,80.46,80.59,79.30,79.44,80791200.00
6/2/20,80.55,80.83,80.86,79.73,80.19,87642800.00
6/3/20,80.99,81.28,81.55,80.57,81.17,104491200.00
6/4/20,80.30,80.58,81.40,80.19,81.10,87560400.00
6/5/20,82.58,82.88,82.94,80.81,80.84,137250400.00
6/8/20,83.07,83.36,83.40,81.83,82.56,95654400.00
6/9/20,85.69,86.00,86.40,83.00,83.04,147712400.00
6/10/20,87.90,88.21,88.69,86.52,86.97,166651600.00
6/11/20,83.68,83.97,87.76,83.87,87.33,201662400.00
6/12/20,84.40,84.70,86.95,83.56,86.18,200146000.00
6/15/20,85.45,85.75,86.42,83.14,83.31,138808800.00
6/16/20,87.71,88.02,88.30,86.18,87.86,165428800.00
6/17/20,87.59,87.90,88.85,87.77,88.79,114406400.00
6/18/20,87.62,87.93,88.36,87.31,87.85,96820400.00
6/19/20,87.12,87.43,89.14,86.29,88.66,264476000.00
6/22/20,89.40,89.72,89.86,87.79,87.83,135445200.00
6/23/20,91.31,91.63,93.10,90.57,91.00,212155600.00
6/24/20,89.70,90.01,92.20,89.63,91.25,192623200.00
6/25/20,90.89,91.21,91.25,89.39,90.18,137522400.00
6/26/20,88.10,88.41,91.33,88.25,91.10,205256800.00
6/29/20,90.13,90.44,90.54,87.82,88.31,130646000.00
6/30/20,90.88,91.20,91.50,90.00,90.02,140223200.00
7/1/20,90.71,91.03,91.84,90.98,91.28,110737200.00
7/2/20,90.71,91.03,92.62,90.91,91.96,114041600.00
7/6/20,93.13,93.46,93.94,92.47,92.50,118655600.00
7/7/20,92.84,93.17,94.65,93.06,93.85,112424400.00
7/8/20,95.01,95.34,95.38,94.09,94.18,117092000.00
7/9/20,95.42,95.75,96.32,94.67,96.26,125642800.00
7/10/20,95.58,95.92,95.98,94.71,95.33,90257200.00
7/13/20,95.14,95.48,99.96,95.26,97.26,191649200.00
7/14/20,96.72,97.06,97.25,93.88,94.84,170989200.00
7/15/20,97.38,97.72,99.25,96.49,98.99,153198000.00
7/16/20,96.18,96.52,97.40,95.90,96.56,110577600.00
7/17/20,95.99,96.33,97.15,95.84,96.99,92186800.00
7/20/20,98.01,98.36,98.50,96.06,96.42,90318000.00
7/21/20,96.66,97.00,99.25,96.74,99.17,103646000.00
7/22/20,96.93,97.27,97.97,96.60,96.69,89001600.00
7/23/20,92.52,92.85,97.08,92.01,97.00,197004400.00
7/24/20,92.29,92.61,92.97,89.14,90.99,185438800.00
7/27/20,94.48,94.81,94.90,93.48,93.71,121214000.00
7/28/20,92.92,93.25,94.55,93.25,94.37,103625600.00
7/29/20,94.71,95.04,95.23,93.71,93.75,90329200.00
7/30/20,95.85,96.19,96.30,93.77,94.19,158130000.00
7/31/20,105.89,106.26,106.42,100.82,102.89,374336800.00
8/3/20,108.55,108.94,111.64,107.89,108.20,308151200.00
8/4/20,109.28,109.67,110.79,108.39,109.13,173071600.00
8/5/20,109.68,110.06,110.39,108.90,109.38,121992000.00
8/6/20,113.50,113.90,114.41,109.80,110.40,202428800.00
8/7/20,110.92,111.11,113.68,110.29,113.21,198045600.00
8/10/20,112.53,112.73,113.78,110.00,112.60,212403600.00
8/11/20,109.19,109.38,112.48,109.11,111.97,187902400.00
8/12/20,112.82,113.01,113.28,110.30,110.50,165944800.00
8/13/20,114.81,115.01,116.04,113.93,114.43,210082000.00
8/14/20,114.71,114.91,115.00,113.04,114.83,165565200.00
8/17/20,114.41,114.61,116.09,113.96,116.06,119561600.00
8/18/20,115.36,115.56,116.00,114.01,114.35,105633600.00
8/19/20,115.51,115.71,117.16,115.61,115.98,145538000.00
8/20/20,118.07,118.28,118.39,115.73,115.75,126907200.00
8/21/20,124.16,124.37,124.87,119.25,119.26,338054800.00
8/24/20,125.64,125.86,128.79,123.94,128.70,345937600.00
8/25/20,124.61,124.82,125.18,123.05,124.70,211495600.00
8/26/20,126.30,126.52,126.99,125.08,126.18,163022400.00
8/27/20,124.79,125.01,127.49,123.83,127.14,155552400.00
8/28/20,124.59,124.81,126.44,124.58,126.01,187630000.00
8/31/20,128.82,129.04,131.00,126.00,127.58,225702700.00
9/1/20,133.95,134.18,134.80,130.53,132.76,152470100.00
9/2/20,131.17,131.40,137.98,127.00,137.59,200119000.00
9/3/20,120.67,120.88,128.84,120.50,126.91,257599600.00
9/4/20,120.75,120.96,123.70,110.89,120.07,332607200.00
9/8/20,112.63,112.82,118.99,112.68,113.95,231366600.00
9/9/20,117.12,117.32,119.14,115.26,117.26,176940500.00
9/10/20,113.29,113.49,120.50,112.50,120.36,182274400.00
9/11/20,111.81,112.00,115.23,110.00,114.57,180860300.00
9/14/20,115.16,115.36,115.93,112.80,114.72,140150100.00
9/15/20,115.34,115.54,118.83,113.61,118.33,184642000.00
9/16/20,111.94,112.13,116.00,112.04,115.23,154679000.00
9/17/20,110.15,110.34,112.20,108.71,109.72,178011000.00
9/18/20,106.66,106.84,110.88,106.09,110.40,287104900.00
9/21/20,109.89,110.08,110.19,103.10,104.54,195713800.00
9/22/20,111.62,111.81,112.86,109.16,112.68,183055400.00
9/23/20,106.94,107.12,112.11,106.77,111.62,150718700.00
9/24/20,108.03,108.22,110.25,105.00,105.17,167743300.00
9/25/20,112.09,112.28,112.44,107.67,108.43,149981400.00
9/28/20,114.76,114.96,115.32,112.78,115.01,137672400.00
9/29/20,113.89,114.09,115.31,113.57,114.55,99382200.00
9/30/20,115.61,115.81,117.26,113.62,113.79,142675200.00
10/1/20,116.59,116.79,117.72,115.83,117.64,116120400.00
10/2/20,112.83,113.02,115.37,112.22,112.89,144712000.00
10/5/20,116.30,116.50,116.65,113.55,113.91,106243800.00
10/6/20,112.97,113.16,116.12,112.25,115.70,161498200.00
10/7/20,114.88,115.08,115.55,114.13,114.62,96849000.00
10/8/20,114.77,114.97,116.40,114.59,116.25,83477200.00
10/9/20,116.77,116.97,117.00,114.92,115.28,100506900.00
10/12/20,124.19,124.40,125.18,119.28,120.06,240226800.00
10/13/20,120.89,121.10,125.39,119.65,125.27,262330500.00
10/14/20,120.98,121.19,123.03,119.62,121.00,151062300.00
10/15/20,120.50,120.71,121.20,118.15,118.72,112559200.00
10/16/20,118.82,119.02,121.55,118.81,121.28,115393800.00
10/19/20,115.78,115.98,120.42,115.66,119.96,120639300.00
10/20/20,117.31,117.51,118.98,115.63,116.20,124423700.00
10/21/20,116.67,116.87,118.71,116.45,116.67,89946000.00
10/22/20,115.55,115.75,118.04,114.59,117.45,101988000.00
10/23/20,114.84,115.04,116.55,114.28,116.39,82572600.00
10/26/20,114.85,115.05,116.55,112.88,114.01,111850700.00
10/27/20,116.40,116.60,117.28,114.54,115.49,92276800.00
10/28/20,111.01,111.20,115.43,111.10,115.05,143937800.00
10/29/20,115.12,115.32,116.93,112.20,112.37,146129200.00
10/30/20,108.67,108.86,111.99,107.72,111.06,190272600.00
11/2/20,108.58,108.77,110.68,107.32,109.11,122866900.00
11/3/20,110.25,110.44,111.49,108.73,109.66,107624400.00
11/4/20,114.75,114.95,115.59,112.35,114.14,138235500.00
11/5/20,118.82,119.03,119.62,116.87,117.95,126387100.00
11/6/20,118.69,118.69,119.20,116.13,118.32,114457900.00
11/9/20,116.32,116.32,121.99,116.05,120.50,154515300.00
11/10/20,115.97,115.97,117.59,114.13,115.55,138023400.00
11/11/20,119.49,119.49,119.63,116.44,117.19,112295000.00
11/12/20,119.21,119.21,120.53,118.57,119.62,103162300.00
11/13/20,119.26,119.26,119.67,117.87,119.44,81581900.00
11/16/20,120.30,120.30,120.99,118.15,118.92,91183000.00
11/17/20,119.39,119.39,120.67,118.96,119.55,74271000.00
11/18/20,118.03,118.03,119.82,118.00,118.61,76322100.00
11/19/20,118.64,118.64,119.06,116.81,117.59,74113000.00
11/20/20,117.34,117.34,118.77,117.29,118.64,73604300.00
11/23/20,113.85,113.85,117.62,113.75,117.18,127959300.00
11/24/20,115.17,115.17,115.85,112.59,113.91,113874200.00
11/25/20,116.03,116.03,116.75,115.17,115.55,76499200.00
11/27/20,116.59,116.59,117.49,116.22,116.57,46691300.00
11/30/20,119.05,119.05,120.97,116.81,116.97,169410200.00
12/1/20,122.72,122.72,123.47,120.01,121.01,128166800.00
12/2/20,123.08,123.08,123.37,120.89,122.02,89004200.00
12/3/20,122.94,122.94,123.78,122.21,123.52,78967600.00
12/4/20,122.25,122.25,122.86,121.52,122.60,78260400.00
12/7/20,123.75,123.75,124.57,122.25,122.31,86712000.00
12/8/20,124.38,124.38,124.98,123.09,124.37,82225500.00
12/9/20,121.78,121.78,125.95,121.00,124.53,115089200.00
12/10/20,123.24,123.24,123.87,120.15,120.50,81312200.00
12/11/20,122.41,122.41,122.76,120.55,122.43,86939800.00
12/14/20,121.78,121.78,123.35,121.54,122.60,79184500.00
12/15/20,127.88,127.88,127.90,124.13,124.34,157572300.00
12/16/20,127.81,127.81,128.37,126.56,127.41,98208600.00
12/17/20,128.70,128.70,129.58,128.04,128.90,94359800.00
12/18/20,126.66,126.66,129.10,126.12,128.96,192541500.00
12/21/20,128.23,128.23,128.31,123.45,125.02,121251600.00
12/22/20,131.88,131.88,134.41,129.65,131.61,168904800.00
12/23/20,130.96,130.96,132.43,130.78,132.16,88223700.00
12/24/20,131.97,131.97,133.46,131.10,131.32,54930100.00
12/28/20,136.69,136.69,137.34,133.51,133.99,124486200.00
12/29/20,134.87,134.87,138.79,134.34,138.05,121047300.00
12/30/20,133.72,133.72,135.99,133.40,135.58,96452100.00
12/31/20,132.69,132.69,134.74,131.72,134.08,98990400.00
1/4/21,129.41,129.41,133.61,126.76,133.52,143301900.00
1/5/21,131.01,131.01,131.74,128.43,128.89,97664900.00
1/6/21,126.60,126.60,131.05,126.38,127.72,155088000.00
1/7/21,130.92,130.92,131.63,127.86,128.36,109578200.00
1/8/21,132.05,132.05,132.63,130.23,132.43,104965400.00
1/11/21,128.98,128.98,130.17,128.50,129.19,100620900.00
1/12/21,128.80,128.80,129.69,126.86,128.50,91951100.00
1/13/21,130.89,130.89,131.45,128.49,128.76,88636800.00
1/14/21,128.91,128.91,131.00,128.76,130.80,90221800.00
1/15/21,127.14,127.14,130.22,127.00,128.78,111235300.00